{"learning_rate": 5e-05, "anchor_scales": [1.0, 1.189207115002721, 1.4142135623730951], "anchor_ratios": [0.306, 0.638, 1.0, 1.567, 3.266], "hyperparameter_tuner/new_trial_id": "6d551979037ff138973b904305393c34", "hyperparameter_tuner/epochs": 2, "hyperparameter_tuner/initial_epoch": 0}