{"learning_rate": 5e-05, "anchor_scales": [1.0, 1.189207115002721, 1.4142135623730951], "anchor_ratios": [0.6666666666666666, 0.8, 1.0, 1.25, 1.5], "hyperparameter_tuner/new_trial_id": "cfb257edbf632b6cd967f50639d26613", "hyperparameter_tuner/epochs": 2, "hyperparameter_tuner/initial_epoch": 0}